Flight No.,Launch site,Payload,Payload mass,Orbit,Customer,Launch outcome,Version Booster,Booster landing,Date,Time
"['4 June 2010,', '18:45']",CCAFS,Dragon Spacecraft Qualification Unit,0,LEO,SpaceX,"Success
",F9 v1.07B0003.18,Failure,4 June 2010,18:45
"['8 December 2010,', '15:43']",CCAFS,Dragon,0,LEO,NASA,Success,F9 v1.07B0004.18,Failure,8 December 2010,15:43
"['22 May 2012,', '07:44']",CCAFS,Dragon,525 kg,LEO,NASA,Success,F9 v1.07B0005.18,"No attempt
",22 May 2012,07:44
"['8 October 2012,', '00:35']",CCAFS,SpaceX CRS-1,"4,700 kg",LEO,NASA,"Success
",F9 v1.07B0006.18,No attempt,8 October 2012,00:35
"['1 March 2013,', '15:10']",CCAFS,SpaceX CRS-2,"4,877 kg",LEO,NASA,"Success
",F9 v1.07B0007.18,"No attempt
",1 March 2013,15:10
"['29 September 2013,', '16:00']",VAFB,CASSIOPE,500 kg,Polar orbit,MDA,Success,F9 v1.17B10038,Uncontrolled,29 September 2013,16:00
"['3 December 2013,', '22:41']",CCAFS,SES-8,"3,170 kg",GTO,SES,Success,F9 v1.1,No attempt,3 December 2013,22:41
"['6 January 2014,', '22:06']",CCAFS,Thaicom 6,"3,325 kg",GTO,Thaicom,Success,F9 v1.1,No attempt,6 January 2014,22:06
"['18 April 2014,', '19:25']",Cape Canaveral,SpaceX CRS-3,"2,296 kg",LEO,NASA,"Success
",F9 v1.1,Controlled,18 April 2014,19:25
"['14 July 2014,', '15:15']",Cape Canaveral,Orbcomm-OG2,"1,316 kg",LEO,Orbcomm,Success,F9 v1.1,Controlled,14 July 2014,15:15
"['5 August 2014,', '08:00']",Cape Canaveral,AsiaSat 8,"4,535 kg",GTO,AsiaSat,Success,F9 v1.1,No attempt,5 August 2014,08:00
"['7 September 2014,', '05:00']",Cape Canaveral,AsiaSat 6,"4,428 kg",GTO,AsiaSat,Success,F9 v1.1[,"No attempt
",7 September 2014,05:00
"['21 September 2014,', '05:52']",Cape Canaveral,SpaceX CRS-4,"2,216 kg",LEO,NASA,Success,F9 v1.1[,Uncontrolled,21 September 2014,05:52
"['10 January 2015,', '09:47']",Cape Canaveral,SpaceX CRS-5,"2,395 kg",LEO,NASA,Success,F9 v1.1[,Failure ,10 January 2015,09:47
"['11 February 2015,', '23:03']",Cape Canaveral,DSCOVR,570 kg,HEO,USAF,"Success
",F9 v1.1[,Controlled,11 February 2015,23:03
"['2 March 2015,', '03:50']",Cape Canaveral,ABS-3A,"4,159 kg",GTO,ABS,"Success
",F9 v1.1[,No attempt,2 March 2015,03:50
"['14 April 2015,', '20:10']",Cape Canaveral,SpaceX CRS-6,"1,898 kg",LEO,NASA,"Success
",F9 v1.1[,Failure,14 April 2015,20:10
"['27 April 2015,', '23:03']",Cape Canaveral,TürkmenÄlem 52°E / MonacoSAT,"4,707 kg",GTO,,"Success
",F9 v1.1[,No attempt,27 April 2015,23:03
"['28 June 2015,', '14:21']",Cape Canaveral,SpaceX CRS-7,"1,952 kg",LEO,NASA,Failure,F9 v1.1[,Precluded,28 June 2015,14:21
"['22 December 2015,', '01:29']",Cape Canaveral,Orbcomm-OG2,"2,034 kg",LEO,Orbcomm,"Success
",F9 FT[,Success,22 December 2015,01:29
"['17 January 2016,', '18:42']",VAFB,Jason-3,553 kg,LEO,NASA,"Success
",F9 v1.1[,Failure,17 January 2016,18:42
"['4 March 2016,', '23:35']",Cape Canaveral,SES-9,"5,271 kg",GTO,SES,"Success
",F9 FT[,Failure,4 March 2016,23:35
"['8 April 2016,', '20:43']",Cape Canaveral,SpaceX CRS-8,"3,136 kg",LEO,NASA,Success,F9 FT[,Success,8 April 2016,20:43
"['6 May 2016,', '05:21']",Cape Canaveral,JCSAT-14,"4,696 kg",GTO,SKY Perfect JSAT Group,"Success
",F9 FT[,Success,6 May 2016,05:21
"['27 May 2016,', '21:39']",Cape Canaveral,Thaicom 8,"3,100 kg",GTO,Thaicom,"Success
",F9 FT[,Success,27 May 2016,21:39
"['15 June 2016,', '14:29']",Cape Canaveral,ABS-2A,"3,600 kg",GTO,ABS,"Success
",F9 FT[,Failure,15 June 2016,14:29
"['18 July 2016,', '04:45']",Cape Canaveral,SpaceX CRS-9,"2,257 kg",LEO,NASA,"Success
",F9 FT[,Success,18 July 2016,04:45
"['14 August 2016,', '05:26']",Cape Canaveral,JCSAT-16,"4,600 kg",GTO,SKY Perfect JSAT Group,"Success
",F9 FT[,Success,14 August 2016,05:26
"['14 January 2017,', '17:54']",VAFB,Iridium NEXT,"9,600 kg",Polar,Iridium Communications,"Success
",F9 FT[,Success,14 January 2017,17:54
"['19 February 2017,', '14:39']",KSC,SpaceX CRS-10,"2,490 kg",LEO,NASA,"Success
",F9 FT[,Success,19 February 2017,14:39
"['16 March 2017,', '06:00']",KSC,EchoStar 23,"5,600 kg",GTO,EchoStar,"Success
",F9 FT[,No attempt,16 March 2017,06:00
"['30 March 2017,', '22:27']",KSC,SES-10,"5,300 kg",GTO,SES,Success,F9 FT♺[,Success,30 March 2017,22:27
"['1 May 2017,', '11:15']",KSC,NROL-76,C,LEO,NRO,"Success
",F9 FT[,Success,1 May 2017,11:15
"['15 May 2017,', '23:21']",KSC,Inmarsat-5 F4,"6,070 kg",GTO,Inmarsat,"Success
",F9 FT[,No attempt,15 May 2017,23:21
"['3 June 2017,', '21:07']",KSC,SpaceX CRS-11,"2,708 kg",LEO,NASA,"Success
",F9 FT[,Success,3 June 2017,21:07
"['23 June 2017,', '19:10']",KSC,BulgariaSat-1,"3,669 kg",GTO,Bulsatcom,"Success
",F9 FTB1029.2195,Success,23 June 2017,19:10
"['25 June 2017,', '20:25']",VAFB,Iridium NEXT,"9,600 kg",LEO,Iridium Communications,"Success
",F9 FT[,Success,25 June 2017,20:25
"['5 July 2017,', '23:38']",KSC,Intelsat 35e,"6,761 kg",GTO,Intelsat,"Success
",F9 FT[,No attempt,5 July 2017,23:38
"['14 August 2017,', '16:31']",KSC,SpaceX CRS-12,"3,310 kg",LEO,NASA,"Success
",F9 B4[,Success,14 August 2017,16:31
"['24 August 2017,', '18:51']",VAFB,Formosat-5,475 kg,SSO,NSPO,"Success
",F9 FT[,Success,24 August 2017,18:51
"['7 September 2017,', '14:00']",KSC,Boeing X-37B,"4,990 kg",LEO,USAF,"Success
",F9 B4[,Success,7 September 2017,14:00
"['9 October 2017,', '12:37']",VAFB,Iridium NEXT,"9,600 kg",Polar,Iridium Communications,"Success
",F9 B4[,Success,9 October 2017,12:37
"['11 October 2017,', '22:53:00']",KSC,SES-11,"5,200 kg",GTO,SES S.A.,"Success
",F9 FTB1031.2220,Success,11 October 2017,22:53:00
"['30 October 2017,', '19:34']",KSC,Koreasat 5A,"3,500 kg",GTO,KT Corporation,"Success
",F9 B4[,Success,30 October 2017,19:34
"['15 December 2017,', '15:36']",Cape Canaveral,SpaceX CRS-13,"2,205 kg",LEO,NASA,"Success
",F9 FTB1035.2227,Success,15 December 2017,15:36
"['23 December 2017,', '01:27']",VAFB,Iridium NEXT,"9,600 kg",Polar,Iridium Communications,Success,F9 FTB1036.2227,Controlled,23 December 2017,01:27
"['4 June 2010,', '18:45']",,Dragon Spacecraft Qualification Unit,0,LEO,SpaceX,"Success
",F9 v1.07B0003.18,Failure,4 June 2010,18:45
"['8 December 2010,', '15:43']",,Dragon,0,LEO,NASA,Success,F9 v1.07B0004.18,Failure,8 December 2010,15:43
"['22 May 2012,', '07:44']",,Dragon,525 kg,LEO,NASA,Success,F9 v1.07B0005.18,"No attempt
",22 May 2012,07:44
"['8 October 2012,', '00:35']",,SpaceX CRS-1,"4,700 kg",LEO,NASA,"Success
",F9 v1.07B0006.18,No attempt,8 October 2012,00:35
"['1 March 2013,', '15:10']",,SpaceX CRS-2,"4,877 kg",LEO,NASA,"Success
",F9 v1.07B0007.18,"No attempt
",1 March 2013,15:10
"['29 September 2013,', '16:00']",,CASSIOPE,500 kg,Polar orbit,MDA,Success,F9 v1.17B10038,Uncontrolled,29 September 2013,16:00
"['3 December 2013,', '22:41']",,SES-8,"3,170 kg",GTO,SES,Success,F9 v1.1,No attempt,3 December 2013,22:41
"['6 January 2014,', '22:06']",,Thaicom 6,"3,325 kg",GTO,Thaicom,Success,F9 v1.1,No attempt,6 January 2014,22:06
"['18 April 2014,', '19:25']",,SpaceX CRS-3,"2,296 kg",LEO,NASA,"Success
",F9 v1.1,Controlled,18 April 2014,19:25
"['14 July 2014,', '15:15']",,Orbcomm-OG2,"1,316 kg",LEO,Orbcomm,Success,F9 v1.1,Controlled,14 July 2014,15:15
"['5 August 2014,', '08:00']",,AsiaSat 8,"4,535 kg",GTO,AsiaSat,Success,F9 v1.1,No attempt,5 August 2014,08:00
"['7 September 2014,', '05:00']",,AsiaSat 6,"4,428 kg",GTO,AsiaSat,Success,F9 v1.1[,"No attempt
",7 September 2014,05:00
"['21 September 2014,', '05:52']",,SpaceX CRS-4,"2,216 kg",LEO,NASA,Success,F9 v1.1[,Uncontrolled,21 September 2014,05:52
"['10 January 2015,', '09:47']",,SpaceX CRS-5,"2,395 kg",LEO,NASA,Success,F9 v1.1[,Failure ,10 January 2015,09:47
"['11 February 2015,', '23:03']",,DSCOVR,570 kg,HEO,USAF,"Success
",F9 v1.1[,Controlled,11 February 2015,23:03
"['2 March 2015,', '03:50']",,ABS-3A,"4,159 kg",GTO,ABS,"Success
",F9 v1.1[,No attempt,2 March 2015,03:50
"['14 April 2015,', '20:10']",,SpaceX CRS-6,"1,898 kg",LEO,NASA,"Success
",F9 v1.1[,Failure,14 April 2015,20:10
"['27 April 2015,', '23:03']",,TürkmenÄlem 52°E / MonacoSAT,"4,707 kg",GTO,,"Success
",F9 v1.1[,No attempt,27 April 2015,23:03
"['28 June 2015,', '14:21']",,SpaceX CRS-7,"1,952 kg",LEO,NASA,Failure,F9 v1.1[,Precluded,28 June 2015,14:21
"['22 December 2015,', '01:29']",,Orbcomm-OG2,"2,034 kg",LEO,Orbcomm,"Success
",F9 FT[,Success,22 December 2015,01:29
"['17 January 2016,', '18:42']",,Jason-3,553 kg,LEO,NASA,"Success
",F9 v1.1[,Failure,17 January 2016,18:42
"['4 March 2016,', '23:35']",,SES-9,"5,271 kg",GTO,SES,"Success
",F9 FT[,Failure,4 March 2016,23:35
"['8 April 2016,', '20:43']",,SpaceX CRS-8,"3,136 kg",LEO,NASA,Success,F9 FT[,Success,8 April 2016,20:43
"['6 May 2016,', '05:21']",,JCSAT-14,"4,696 kg",GTO,SKY Perfect JSAT Group,"Success
",F9 FT[,Success,6 May 2016,05:21
"['27 May 2016,', '21:39']",,Thaicom 8,"3,100 kg",GTO,Thaicom,"Success
",F9 FT[,Success,27 May 2016,21:39
"['15 June 2016,', '14:29']",,ABS-2A,"3,600 kg",GTO,ABS,"Success
",F9 FT[,Failure,15 June 2016,14:29
"['18 July 2016,', '04:45']",,SpaceX CRS-9,"2,257 kg",LEO,NASA,"Success
",F9 FT[,Success,18 July 2016,04:45
"['14 August 2016,', '05:26']",,JCSAT-16,"4,600 kg",GTO,SKY Perfect JSAT Group,"Success
",F9 FT[,Success,14 August 2016,05:26
"['14 January 2017,', '17:54']",,Iridium NEXT,"9,600 kg",Polar,Iridium Communications,"Success
",F9 FT[,Success,14 January 2017,17:54
"['19 February 2017,', '14:39']",,SpaceX CRS-10,"2,490 kg",LEO,NASA,"Success
",F9 FT[,Success,19 February 2017,14:39
"['16 March 2017,', '06:00']",,EchoStar 23,"5,600 kg",GTO,EchoStar,"Success
",F9 FT[,No attempt,16 March 2017,06:00
"['30 March 2017,', '22:27']",,SES-10,"5,300 kg",GTO,SES,Success,F9 FT♺[,Success,30 March 2017,22:27
"['1 May 2017,', '11:15']",,NROL-76,C,LEO,NRO,"Success
",F9 FT[,Success,1 May 2017,11:15
"['15 May 2017,', '23:21']",,Inmarsat-5 F4,"6,070 kg",GTO,Inmarsat,"Success
",F9 FT[,No attempt,15 May 2017,23:21
"['3 June 2017,', '21:07']",,SpaceX CRS-11,"2,708 kg",LEO,NASA,"Success
",F9 FT[,Success,3 June 2017,21:07
"['23 June 2017,', '19:10']",,BulgariaSat-1,"3,669 kg",GTO,Bulsatcom,"Success
",F9 FTB1029.2195,Success,23 June 2017,19:10
"['25 June 2017,', '20:25']",,Iridium NEXT,"9,600 kg",LEO,Iridium Communications,"Success
",F9 FT[,Success,25 June 2017,20:25
"['5 July 2017,', '23:38']",,Intelsat 35e,"6,761 kg",GTO,Intelsat,"Success
",F9 FT[,No attempt,5 July 2017,23:38
"['14 August 2017,', '16:31']",,SpaceX CRS-12,"3,310 kg",LEO,NASA,"Success
",F9 B4[,Success,14 August 2017,16:31
"['24 August 2017,', '18:51']",,Formosat-5,475 kg,SSO,NSPO,"Success
",F9 FT[,Success,24 August 2017,18:51
"['7 September 2017,', '14:00']",,Boeing X-37B,"4,990 kg",LEO,USAF,"Success
",F9 B4[,Success,7 September 2017,14:00
"['9 October 2017,', '12:37']",,Iridium NEXT,"9,600 kg",Polar,Iridium Communications,"Success
",F9 B4[,Success,9 October 2017,12:37
"['11 October 2017,', '22:53:00']",,SES-11,"5,200 kg",GTO,SES S.A.,"Success
",F9 FTB1031.2220,Success,11 October 2017,22:53:00
"['30 October 2017,', '19:34']",,Koreasat 5A,"3,500 kg",GTO,KT Corporation,"Success
",F9 B4[,Success,30 October 2017,19:34
"['15 December 2017,', '15:36']",,SpaceX CRS-13,"2,205 kg",LEO,NASA,"Success
",F9 FTB1035.2227,Success,15 December 2017,15:36
"['23 December 2017,', '01:27']",,Iridium NEXT,"9,600 kg",Polar,Iridium Communications,Success,F9 FTB1036.2227,Controlled,23 December 2017,01:27
